Отметка времени,Вопрос без заголовка
23.01.2024 3:28:24,1020308
23.01.2024 3:29:44,1020309
23.01.2024 3:33:36,1020307
23.01.2024 4:31:03,1020309
23.01.2024 4:31:06,1020308
23.01.2024 4:31:11,1020308
23.01.2024 4:31:13,1020308
23.01.2024 4:31:16,1020307
23.01.2024 4:46:26,1020307
23.01.2024 4:46:47,1020308
23.01.2024 4:46:53,1020309
24.01.2024 5:16:52,1
24.01.2024 5:17:00,0
24.01.2024 5:17:06,2
24.01.2024 5:17:17,2
24.01.2024 5:17:22,2
24.01.2024 5:17:24,2
24.01.2024 5:17:27,2
24.01.2024 8:35:26,4
24.01.2024 8:35:32,4
24.01.2024 8:35:39,4
24.01.2024 8:35:45,4
24.01.2024 8:36:17,4
24.01.2024 8:36:24,4
25.01.2024 2:29:23,7
25.01.2024 2:29:32,6
25.01.2024 2:30:02,7
